--CLIENTES - 20 REGISTROS


INSERT INTO Cliente (CodCliente, Nome, CPF, DataNascimento, Email, CEP, Rua, Numero, Cidade, Estado) VALUES
('CLI001', 'Ana Silva', '12345678901', TO_DATE('1985-03-12', 'YYYY-MM-DD'), 'ana.silva@email.com', '01001000', 'Rua das Flores', 101, 'São Paulo', 'SP');

INSERT INTO Cliente (CodCliente, Nome, CPF, DataNascimento, Email, CEP, Rua, Numero, Cidade, Estado) VALUES
('CLI002', 'Bruno Santos', '23456789012', TO_DATE('1990-06-22', 'YYYY-MM-DD'), 'bruno.santos@email.com', '22290010', 'Avenida Paulista', 1500, 'Rio de Janeiro', 'RJ');

INSERT INTO Cliente (CodCliente, Nome, CPF, DataNascimento, Email, CEP, Rua, Numero, Cidade, Estado) VALUES
('CLI003', 'Carla Ferreira', '34567890123', TO_DATE('1982-09-30', 'YYYY-MM-DD'), 'carla.ferreira@email.com', '30320050', 'Rua das Palmeiras', 120, 'Belo Horizonte', 'MG');

INSERT INTO Cliente (CodCliente, Nome, CPF, DataNascimento, Email, CEP, Rua, Numero, Cidade, Estado) VALUES
('CLI004', 'Diego Souza', '45678901234', TO_DATE('1975-01-15', 'YYYY-MM-DD'), 'diego.souza@email.com', '40120040', 'Avenida Atlântica', 200, 'Salvador', 'BA');

INSERT INTO Cliente (CodCliente, Nome, CPF, DataNascimento, Email, CEP, Rua, Numero, Cidade, Estado) VALUES
('CLI005', 'Elaine Costa', '56789012345', TO_DATE('1992-07-19', 'YYYY-MM-DD'), 'elaine.costa@email.com', '50020030', 'Rua do Sol', 300, 'Recife', 'PE');

INSERT INTO Cliente (CodCliente, Nome, CPF, DataNascimento, Email, CEP, Rua, Numero, Cidade, Estado) VALUES
('CLI006', 'Felipe Mendes', '67890123456', TO_DATE('1988-11-23', 'YYYY-MM-DD'), 'felipe.mendes@email.com', '60030120', 'Rua das Estrelas', 45, 'Fortaleza', 'CE');

INSERT INTO Cliente (CodCliente, Nome, CPF, DataNascimento, Email, CEP, Rua, Numero, Cidade, Estado) VALUES
('CLI007', 'Gabriela Lima', '78901234567', TO_DATE('1993-03-05', 'YYYY-MM-DD'), 'gabriela.lima@email.com', '70040130', 'Avenida Brasil', 560, 'Brasília', 'DF');

INSERT INTO Cliente (CodCliente, Nome, CPF, DataNascimento, Email, CEP, Rua, Numero, Cidade, Estado) VALUES
('CLI008', 'Henrique Andrade', '89012345678', TO_DATE('1981-12-08', 'YYYY-MM-DD'), 'henrique.andrade@email.com', '80050140', 'Rua do Rio', 70, 'Curitiba', 'PR');

INSERT INTO Cliente (CodCliente, Nome, CPF, DataNascimento, Email, CEP, Rua, Numero, Cidade, Estado) VALUES
('CLI009', 'Isabela Oliveira', '90123456789', TO_DATE('1995-04-17', 'YYYY-MM-DD'), 'isabela.oliveira@email.com', '90060150', 'Rua das Pedras', 80, 'Porto Alegre', 'RS');

INSERT INTO Cliente (CodCliente, Nome, CPF, DataNascimento, Email, CEP, Rua, Numero, Cidade, Estado) VALUES
('CLI010', 'João Carvalho', '01234567890', TO_DATE('1987-08-10', 'YYYY-MM-DD'), 'joao.carvalho@email.com', '11070160', 'Rua da Liberdade', 90, 'Manaus', 'AM');

INSERT INTO Cliente (CodCliente, Nome, CPF, DataNascimento, Email, CEP, Rua, Numero, Cidade, Estado) VALUES
('CLI011', 'Karla Ramos', '11234567891', TO_DATE('1986-05-02', 'YYYY-MM-DD'), 'karla.ramos@email.com', '12080170', 'Rua das Acácias', 120, 'Florianópolis', 'SC');

INSERT INTO Cliente (CodCliente, Nome, CPF, DataNascimento, Email, CEP, Rua, Numero, Cidade, Estado) VALUES
('CLI012', 'Leonardo Rocha', '22345678902', TO_DATE('1991-02-25', 'YYYY-MM-DD'), 'leonardo.rocha@email.com', '13090180', 'Avenida Central', 1300, 'Vitória', 'ES');

INSERT INTO Cliente (CodCliente, Nome, CPF, DataNascimento, Email, CEP, Rua, Numero, Cidade, Estado) VALUES
('CLI013', 'Mariana Figueiredo', '33456789013', TO_DATE('1989-10-30', 'YYYY-MM-DD'), 'mariana.figueiredo@email.com', '14100190', 'Rua das Laranjeiras', 102, 'São Luís', 'MA');

INSERT INTO Cliente (CodCliente, Nome, CPF, DataNascimento, Email, CEP, Rua, Numero, Cidade, Estado) VALUES
('CLI014', 'Nicolas Prado', '44567890124', TO_DATE('1994-12-12', 'YYYY-MM-DD'), 'nicolas.prado@email.com', '15110200', 'Rua do Campo', 88, 'Maceió', 'AL');

INSERT INTO Cliente (CodCliente, Nome, CPF, DataNascimento, Email, CEP, Rua, Numero, Cidade, Estado) VALUES
('CLI015', 'Olivia Teixeira', '55678901235', TO_DATE('1992-09-15', 'YYYY-MM-DD'), 'olivia.teixeira@email.com', '16120210', 'Rua das Flores', 96, 'Aracaju', 'SE');

INSERT INTO Cliente (CodCliente, Nome, CPF, DataNascimento, Email, CEP, Rua, Numero, Cidade, Estado) VALUES
('CLI016', 'Paulo Gonçalves', '66789012346', TO_DATE('1984-07-07', 'YYYY-MM-DD'), 'paulo.goncalves@email.com', '17130220', 'Rua do Sol', 102, 'Campo Grande', 'MS');

INSERT INTO Cliente (CodCliente, Nome, CPF, DataNascimento, Email, CEP, Rua, Numero, Cidade, Estado) VALUES
('CLI017', 'Quésia Vieira', '77890123457', TO_DATE('1996-01-21', 'YYYY-MM-DD'), 'quesia.vieira@email.com', '18140230', 'Avenida São João', 110, 'Natal', 'RN');

INSERT INTO Cliente (CodCliente, Nome, CPF, DataNascimento, Email, CEP, Rua, Numero, Cidade, Estado) VALUES
('CLI018', 'Roberto Souza', '88901234568', TO_DATE('1978-04-10', 'YYYY-MM-DD'), 'roberto.souza@email.com', '19150240', 'Rua do Mercado', 320, 'Teresina', 'PI');

INSERT INTO Cliente (CodCliente, Nome, CPF, DataNascimento, Email, CEP, Rua, Numero, Cidade, Estado) VALUES
('CLI019', 'Sara Albuquerque', '99012345679', TO_DATE('1997-06-19', 'YYYY-MM-DD'), 'sara.albuquerque@email.com', '20160250', 'Rua dos Pássaros', 145, 'João Pessoa', 'PB');

INSERT INTO Cliente (CodCliente, Nome, CPF, DataNascimento, Email, CEP, Rua, Numero, Cidade, Estado) VALUES
('CLI020', 'Thiago Martins', '10123456780', TO_DATE('1983-11-27', 'YYYY-MM-DD'), 'thiago.martins@email.com', '21170260', 'Rua do Porto', 250, 'Macapá', 'AP');



-- ANIMAL - 40 Registros

INSERT INTO Animal (CodAnimal, Nome, Especie, DataNascimento, Sexo, CodCliente) VALUES ('ANM001', 'Tobby', 'Cachorro', TO_DATE('2020-05-01', 'YYYY-MM-DD'), 'Macho', 'CLI001');
INSERT INTO Animal (CodAnimal, Nome, Especie, DataNascimento, Sexo, CodCliente) VALUES ('ANM002', 'Mimi', 'Gato', TO_DATE('2019-04-20', 'YYYY-MM-DD'), 'Fêmea', 'CLI001');
INSERT INTO Animal (CodAnimal, Nome, Especie, DataNascimento, Sexo, CodCliente) VALUES ('ANM003', 'Rex', 'Cachorro', TO_DATE('2018-11-15', 'YYYY-MM-DD'), 'Macho', 'CLI002');
INSERT INTO Animal (CodAnimal, Nome, Especie, DataNascimento, Sexo, CodCliente) VALUES ('ANM004', 'Fifi', 'Gato', TO_DATE('2020-08-30', 'YYYY-MM-DD'), 'Fêmea', 'CLI002');
INSERT INTO Animal (CodAnimal, Nome, Especie, DataNascimento, Sexo, CodCliente) VALUES ('ANM005', 'Bobby', 'Cachorro', TO_DATE('2021-01-05', 'YYYY-MM-DD'), 'Macho', 'CLI003');
INSERT INTO Animal (CodAnimal, Nome, Especie, DataNascimento, Sexo, CodCliente) VALUES ('ANM006', 'Luna', 'Gato', TO_DATE('2022-07-12', 'YYYY-MM-DD'), 'Fêmea', 'CLI003');
INSERT INTO Animal (CodAnimal, Nome, Especie, DataNascimento, Sexo, CodCliente) VALUES ('ANM007', 'Max', 'Cachorro', TO_DATE('2020-02-20', 'YYYY-MM-DD'), 'Macho', 'CLI004');
INSERT INTO Animal (CodAnimal, Nome, Especie, DataNascimento, Sexo, CodCliente) VALUES ('ANM008', 'Bella', 'Gato', TO_DATE('2019-06-18', 'YYYY-MM-DD'), 'Fêmea', 'CLI004');
INSERT INTO Animal (CodAnimal, Nome, Especie, DataNascimento, Sexo, CodCliente) VALUES ('ANM009', 'Charlie', 'Cachorro', TO_DATE('2017-03-30', 'YYYY-MM-DD'), 'Macho', 'CLI005');
INSERT INTO Animal (CodAnimal, Nome, Especie, DataNascimento, Sexo, CodCliente) VALUES ('ANM010', 'Daisy', 'Gato', TO_DATE('2018-12-25', 'YYYY-MM-DD'), 'Fêmea', 'CLI005');
INSERT INTO Animal (CodAnimal, Nome, Especie, DataNascimento, Sexo, CodCliente) VALUES ('ANM011', 'Buddy', 'Cachorro', TO_DATE('2019-09-10', 'YYYY-MM-DD'), 'Macho', 'CLI006');
INSERT INTO Animal (CodAnimal, Nome, Especie, DataNascimento, Sexo, CodCliente) VALUES ('ANM012', 'Coco', 'Gato', TO_DATE('2020-01-20', 'YYYY-MM-DD'), 'Fêmea', 'CLI006');
INSERT INTO Animal (CodAnimal, Nome, Especie, DataNascimento, Sexo, CodCliente) VALUES ('ANM013', 'Rocky', 'Cachorro', TO_DATE('2018-05-15', 'YYYY-MM-DD'), 'Macho', 'CLI007');
INSERT INTO Animal (CodAnimal, Nome, Especie, DataNascimento, Sexo, CodCliente) VALUES ('ANM014', 'Lucy', 'Gato', TO_DATE('2019-02-02', 'YYYY-MM-DD'), 'Fêmea', 'CLI007');
INSERT INTO Animal (CodAnimal, Nome, Especie, DataNascimento, Sexo, CodCliente) VALUES ('ANM015', 'Jack', 'Cachorro', TO_DATE('2019-10-10', 'YYYY-MM-DD'), 'Macho', 'CLI008');
INSERT INTO Animal (CodAnimal, Nome, Especie, DataNascimento, Sexo, CodCliente) VALUES ('ANM016', 'Nina', 'Gato', TO_DATE('2021-03-15', 'YYYY-MM-DD'), 'Fêmea', 'CLI008');
INSERT INTO Animal (CodAnimal, Nome, Especie, DataNascimento, Sexo, CodCliente) VALUES ('ANM017', 'Oscar', 'Cachorro', TO_DATE('2022-05-28', 'YYYY-MM-DD'), 'Macho', 'CLI009');
INSERT INTO Animal (CodAnimal, Nome, Especie, DataNascimento, Sexo, CodCliente) VALUES ('ANM018', 'Zoe', 'Gato', TO_DATE('2020-07-19', 'YYYY-MM-DD'), 'Fêmea', 'CLI009');
INSERT INTO Animal (CodAnimal, Nome, Especie, DataNascimento, Sexo, CodCliente) VALUES ('ANM019', 'Sam', 'Cachorro', TO_DATE('2021-02-10', 'YYYY-MM-DD'), 'Macho', 'CLI010');
INSERT INTO Animal (CodAnimal, Nome, Especie, DataNascimento, Sexo, CodCliente) VALUES ('ANM020', 'Molly', 'Gato', TO_DATE('2019-11-05', 'YYYY-MM-DD'), 'Fêmea', 'CLI010');
INSERT INTO Animal (CodAnimal, Nome, Especie, DataNascimento, Sexo, CodCliente) VALUES ('ANM021', 'Teddy', 'Cachorro', TO_DATE('2018-04-12', 'YYYY-MM-DD'), 'Macho', 'CLI011');
INSERT INTO Animal (CodAnimal, Nome, Especie, DataNascimento, Sexo, CodCliente) VALUES ('ANM022', 'Chloe', 'Gato', TO_DATE('2019-06-17', 'YYYY-MM-DD'), 'Fêmea', 'CLI011');
INSERT INTO Animal (CodAnimal, Nome, Especie, DataNascimento, Sexo, CodCliente) VALUES ('ANM023', 'Duke', 'Cachorro', TO_DATE('2021-07-22', 'YYYY-MM-DD'), 'Macho', 'CLI012');
INSERT INTO Animal (CodAnimal, Nome, Especie, DataNascimento, Sexo, CodCliente) VALUES ('ANM024', 'Sasha', 'Gato', TO_DATE('2019-05-30', 'YYYY-MM-DD'), 'Fêmea', 'CLI012');
INSERT INTO Animal (CodAnimal, Nome, Especie, DataNascimento, Sexo, CodCliente) VALUES ('ANM025', 'Scout', 'Cachorro', TO_DATE('2020-08-10', 'YYYY-MM-DD'), 'Macho', 'CLI013');
INSERT INTO Animal (CodAnimal, Nome, Especie, DataNascimento, Sexo, CodCliente) VALUES ('ANM026', 'Princess', 'Gato', TO_DATE('2018-12-05', 'YYYY-MM-DD'), 'Fêmea', 'CLI013');
INSERT INTO Animal (CodAnimal, Nome, Especie, DataNascimento, Sexo, CodCliente) VALUES ('ANM027', 'Bear', 'Cachorro', TO_DATE('2021-09-20', 'YYYY-MM-DD'), 'Macho', 'CLI014');
INSERT INTO Animal (CodAnimal, Nome, Especie, DataNascimento, Sexo, CodCliente) VALUES ('ANM028', 'Kitty', 'Gato', TO_DATE('2020-02-14', 'YYYY-MM-DD'), 'Fêmea', 'CLI014');
INSERT INTO Animal (CodAnimal, Nome, Especie, DataNascimento, Sexo, CodCliente) VALUES ('ANM029', 'Rocky', 'Cachorro', TO_DATE('2021-01-25', 'YYYY-MM-DD'), 'Macho', 'CLI015');
INSERT INTO Animal (CodAnimal, Nome, Especie, DataNascimento, Sexo, CodCliente) VALUES ('ANM030', 'Cleo', 'Gato', TO_DATE('2019-03-08', 'YYYY-MM-DD'), 'Fêmea', 'CLI015');
INSERT INTO Animal (CodAnimal, Nome, Especie, DataNascimento, Sexo, CodCliente) VALUES ('ANM031', 'Ace', 'Cachorro', TO_DATE('2018-06-10', 'YYYY-MM-DD'), 'Macho', 'CLI016');
INSERT INTO Animal (CodAnimal, Nome, Especie, DataNascimento, Sexo, CodCliente) VALUES ('ANM032', 'Tina', 'Gato', TO_DATE('2020-11-19', 'YYYY-MM-DD'), 'Fêmea', 'CLI016');
INSERT INTO Animal (CodAnimal, Nome, Especie, DataNascimento, Sexo, CodCliente) VALUES ('ANM033', 'Sparky', 'Cachorro', TO_DATE('2019-12-30', 'YYYY-MM-DD'), 'Macho', 'CLI017');
INSERT INTO Animal (CodAnimal, Nome, Especie, DataNascimento, Sexo, CodCliente) VALUES ('ANM034', 'Ruby', 'Gato', TO_DATE('2021-03-22', 'YYYY-MM-DD'), 'Fêmea', 'CLI017');
INSERT INTO Animal (CodAnimal, Nome, Especie, DataNascimento, Sexo, CodCliente) VALUES ('ANM035', 'Nash', 'Cachorro', TO_DATE('2022-04-15', 'YYYY-MM-DD'), 'Macho', 'CLI018');
INSERT INTO Animal (CodAnimal, Nome, Especie, DataNascimento, Sexo, CodCliente) VALUES ('ANM036', 'Coco', 'Gato', TO_DATE('2021-06-11', 'YYYY-MM-DD'), 'Fêmea', 'CLI018');
INSERT INTO Animal (CodAnimal, Nome, Especie, DataNascimento, Sexo, CodCliente) VALUES ('ANM037', 'Finn', 'Cachorro', TO_DATE('2020-07-18', 'YYYY-MM-DD'), 'Macho', 'CLI019');
INSERT INTO Animal (CodAnimal, Nome, Especie, DataNascimento, Sexo, CodCliente) VALUES ('ANM038', 'Lola', 'Gato', TO_DATE('2018-10-27', 'YYYY-MM-DD'), 'Fêmea', 'CLI019');
INSERT INTO Animal (CodAnimal, Nome, Especie, DataNascimento, Sexo, CodCliente) VALUES ('ANM039', 'Buddy', 'Cachorro', TO_DATE('2021-02-14', 'YYYY-MM-DD'), 'Macho', 'CLI020');
INSERT INTO Animal (CodAnimal, Nome, Especie, DataNascimento, Sexo, CodCliente) VALUES ('ANM040', 'Mimi', 'Gato', TO_DATE('2020-05-06', 'YYYY-MM-DD'), 'Fêmea', 'CLI020');

-- TelefoneCliente - 20 Registros

INSERT INTO TelefoneCliente (Telefone, CodCliente) VALUES ('(11) 91234-5678', 'CLI001');  
INSERT INTO TelefoneCliente (Telefone, CodCliente) VALUES ('(21) 92345-6789', 'CLI002');  
INSERT INTO TelefoneCliente (Telefone, CodCliente) VALUES ('(31) 93456-7890', 'CLI003');  
INSERT INTO TelefoneCliente (Telefone, CodCliente) VALUES ('(41) 94567-8901', 'CLI004'); 
INSERT INTO TelefoneCliente (Telefone, CodCliente) VALUES ('(51) 95678-9012', 'CLI005');  
INSERT INTO TelefoneCliente (Telefone, CodCliente) VALUES ('(61) 96789-0123', 'CLI006');  
INSERT INTO TelefoneCliente (Telefone, CodCliente) VALUES ('(71) 97890-1234', 'CLI007');  
INSERT INTO TelefoneCliente (Telefone, CodCliente) VALUES ('(81) 98901-2345', 'CLI008');  
INSERT INTO TelefoneCliente (Telefone, CodCliente) VALUES ('(91) 99012-3456', 'CLI009');  
INSERT INTO TelefoneCliente (Telefone, CodCliente) VALUES ('(85) 90123-4567', 'CLI010');  
INSERT INTO TelefoneCliente (Telefone, CodCliente) VALUES ('(31) 91234-5679', 'CLI011');  
INSERT INTO TelefoneCliente (Telefone, CodCliente) VALUES ('(22) 92345-6780', 'CLI012');  
INSERT INTO TelefoneCliente (Telefone, CodCliente) VALUES ('(27) 93456-7891', 'CLI013');  
INSERT INTO TelefoneCliente (Telefone, CodCliente) VALUES ('(43) 94567-8902', 'CLI014');  
INSERT INTO TelefoneCliente (Telefone, CodCliente) VALUES ('(53) 95678-9013', 'CLI015');  
INSERT INTO TelefoneCliente (Telefone, CodCliente) VALUES ('(67) 96789-0124', 'CLI016');  
INSERT INTO TelefoneCliente (Telefone, CodCliente) VALUES ('(79) 97890-1235', 'CLI017'); 
INSERT INTO TelefoneCliente (Telefone, CodCliente) VALUES ('(84) 98901-2346', 'CLI018');  
INSERT INTO TelefoneCliente (Telefone, CodCliente) VALUES ('(98) 99012-3457', 'CLI019');  
INSERT INTO TelefoneCliente (Telefone, CodCliente) VALUES ('(99) 90123-4568', 'CLI020');

-- Clinica - 3 Registros
INSERT INTO Clinica (CNPJ, Nome, Telefone, CEP, Rua, Numero, Cidade, Estado) VALUES ('12345678000195', 'Pet Feliz', '(11) 3000-0001', '01234-567', 'Rua A', 100, 'São Paulo', 'SP');
INSERT INTO Clinica (CNPJ, Nome, Telefone, CEP, Rua, Numero, Cidade, Estado) VALUES ('98765432000108', 'Cuida Pet', '(21) 3000-0002', '01234-568', 'Rua B', 200, 'Recife', 'PE');
INSERT INTO Clinica (CNPJ, Nome, Telefone, CEP, Rua, Numero, Cidade, Estado) VALUES ('15975348000112', 'Cães e Gatos', '(31) 3000-0003', '01234-569', 'Rua C', 300, 'Belo Horizonte', 'MG');

--Produtos - 30 Registros de produtos

-- Produtos para clínicas de pets
INSERT INTO Produto (CodProduto, Nome, Marca, Quantidade, Valor) VALUES ('PROD001', 'Analgesico', 'Marca A', 100, 15.99);
INSERT INTO Produto (CodProduto, Nome, Marca, Quantidade, Valor) VALUES ('PROD002', 'Antibiótico', 'Marca B', 200, 29.50);
INSERT INTO Produto (CodProduto, Nome, Marca, Quantidade, Valor) VALUES ('PROD003', 'Antiinflamatório', 'Marca C', 150, 25.00);
INSERT INTO Produto (CodProduto, Nome, Marca, Quantidade, Valor) VALUES ('PROD004', 'Vitaminas', 'Marca D', 80, 45.00);
INSERT INTO Produto (CodProduto, Nome, Marca, Quantidade, Valor) VALUES ('PROD005', 'Antialérgico', 'Marca E', 120, 18.30);
INSERT INTO Produto (CodProduto, Nome, Marca, Quantidade, Valor) VALUES ('PROD006', 'Xarope', 'Marca F', 90, 22.75);
INSERT INTO Produto (CodProduto, Nome, Marca, Quantidade, Valor) VALUES ('PROD007', 'Pomada', 'Marca G', 60, 19.90);
INSERT INTO Produto (CodProduto, Nome, Marca, Quantidade, Valor) VALUES ('PROD008', 'Gotas Oculares', 'Marca H', 70, 12.50);
INSERT INTO Produto (CodProduto, Nome, Marca, Quantidade, Valor) VALUES ('PROD009', 'Suplemento', 'Marca I', 50, 55.00);
INSERT INTO Produto (CodProduto, Nome, Marca, Quantidade, Valor) VALUES ('PROD010', 'Cremes', 'Marca J', 40, 30.00);
INSERT INTO Produto (CodProduto, Nome, Marca, Quantidade, Valor) VALUES ('PROD011', 'Inalador', 'Marca K', 20, 80.00);
INSERT INTO Produto (CodProduto, Nome, Marca, Quantidade, Valor) VALUES ('PROD012', 'Termômetro', 'Marca L', 30, 25.99);
INSERT INTO Produto (CodProduto, Nome, Marca, Quantidade, Valor) VALUES ('PROD013', 'Esparadrapo', 'Marca M', 150, 5.00);
INSERT INTO Produto (CodProduto, Nome, Marca, Quantidade, Valor) VALUES ('PROD014', 'Algodão', 'Marca N', 200, 3.75);
INSERT INTO Produto (CodProduto, Nome, Marca, Quantidade, Valor) VALUES ('PROD015', 'Luvas Descartáveis', 'Marca O', 500, 0.50);
INSERT INTO Produto (CodProduto, Nome, Marca, Quantidade, Valor) VALUES ('PROD016', 'Bandagem', 'Marca P', 100, 7.20);
INSERT INTO Produto (CodProduto, Nome, Marca, Quantidade, Valor) VALUES ('PROD017', 'Antisséptico', 'Marca Q', 60, 10.00);
INSERT INTO Produto (CodProduto, Nome, Marca, Quantidade, Valor) VALUES ('PROD018', 'Álcool em Gel', 'Marca R', 80, 15.00);
INSERT INTO Produto (CodProduto, Nome, Marca, Quantidade, Valor) VALUES ('PROD019', 'Soro Fisiológico', 'Marca S', 100, 8.90);
INSERT INTO Produto (CodProduto, Nome, Marca, Quantidade, Valor) VALUES ('PROD020', 'Tiras de Teste', 'Marca T', 40, 40.00);
-- Produtos para clínicas de pets
INSERT INTO Produto (CodProduto, Nome, Marca, Quantidade, Valor) VALUES ('PROD021', 'Vacina Antirrábica', 'PetVac', 100, 45.00);
INSERT INTO Produto (CodProduto, Nome, Marca, Quantidade, Valor) VALUES ('PROD022', 'Antipulgas', 'PetCare', 150, 25.00);
INSERT INTO Produto (CodProduto, Nome, Marca, Quantidade, Valor) VALUES ('PROD023', 'Antiparasitário', 'VetPlus', 200, 30.00);
INSERT INTO Produto (CodProduto, Nome, Marca, Quantidade, Valor) VALUES ('PROD024', 'Solução Oftálmica', 'PetEye', 80, 20.00);
INSERT INTO Produto (CodProduto, Nome, Marca, Quantidade, Valor) VALUES ('PROD025', 'Medicamento Anti-inflamatório', 'VetMeds', 120, 35.00);
INSERT INTO Produto (CodProduto, Nome, Marca, Quantidade, Valor) VALUES ('PROD026', 'Suplemento Nutricional', 'PetNutr', 90, 50.00);
INSERT INTO Produto (CodProduto, Nome, Marca, Quantidade, Valor) VALUES ('PROD027', 'Ração Premium', 'PetFood', 200, 80.00);
INSERT INTO Produto (CodProduto, Nome, Marca, Quantidade, Valor) VALUES ('PROD028', 'Pomada Cicatrizante', 'PetHeal', 150, 15.00);
INSERT INTO Produto (CodProduto, Nome, Marca, Quantidade, Valor) VALUES ('PROD029', 'Antiácido', 'PetDigest', 100, 28.00);
INSERT INTO Produto (CodProduto, Nome, Marca, Quantidade, Valor) VALUES ('PROD030', 'Antibiótico Veterinário', 'VetRx', 60, 55.00);


-- ClinicaProduto - 30 Registros

--Produtos da Clinica Pet Feliz
INSERT INTO ClinicaProduto (CNPJ, CodProduto) VALUES ('12345678000195', 'PROD001');
INSERT INTO ClinicaProduto (CNPJ, CodProduto) VALUES ('12345678000195', 'PROD002');
INSERT INTO ClinicaProduto (CNPJ, CodProduto) VALUES ('12345678000195', 'PROD003');
INSERT INTO ClinicaProduto (CNPJ, CodProduto) VALUES ('12345678000195', 'PROD004');
INSERT INTO ClinicaProduto (CNPJ, CodProduto) VALUES ('12345678000195', 'PROD005');

INSERT INTO ClinicaProduto (CNPJ, CodProduto) VALUES ('12345678000195', 'PROD016'); 
INSERT INTO ClinicaProduto (CNPJ, CodProduto) VALUES ('12345678000195', 'PROD017'); 
INSERT INTO ClinicaProduto (CNPJ, CodProduto) VALUES ('12345678000195', 'PROD018'); 
INSERT INTO ClinicaProduto (CNPJ, CodProduto) VALUES ('12345678000195', 'PROD019'); 
INSERT INTO ClinicaProduto (CNPJ, CodProduto) VALUES ('12345678000195', 'PROD020'); 
INSERT INTO ClinicaProduto (CNPJ, CodProduto) VALUES ('12345678000195', 'PROD021'); 
INSERT INTO ClinicaProduto (CNPJ, CodProduto) VALUES ('12345678000195', 'PROD022'); 

--Produtos da Clinica Cuida Pet
INSERT INTO ClinicaProduto (CNPJ, CodProduto) VALUES ('98765432000108', 'PROD006');
INSERT INTO ClinicaProduto (CNPJ, CodProduto) VALUES ('98765432000108', 'PROD007');
INSERT INTO ClinicaProduto (CNPJ, CodProduto) VALUES ('98765432000108', 'PROD008');
INSERT INTO ClinicaProduto (CNPJ, CodProduto) VALUES ('98765432000108', 'PROD009');
INSERT INTO ClinicaProduto (CNPJ, CodProduto) VALUES ('98765432000108', 'PROD010');

INSERT INTO ClinicaProduto (CNPJ, CodProduto) VALUES ('98765432000108', 'PROD023'); 
INSERT INTO ClinicaProduto (CNPJ, CodProduto) VALUES ('98765432000108', 'PROD024'); 
INSERT INTO ClinicaProduto (CNPJ, CodProduto) VALUES ('98765432000108', 'PROD025'); 
INSERT INTO ClinicaProduto (CNPJ, CodProduto) VALUES ('98765432000108', 'PROD026'); 


--Produtos da Clinica Cães e Gatos
INSERT INTO ClinicaProduto (CNPJ, CodProduto) VALUES ('15975348000112', 'PROD011');
INSERT INTO ClinicaProduto (CNPJ, CodProduto) VALUES ('15975348000112', 'PROD012');
INSERT INTO ClinicaProduto (CNPJ, CodProduto) VALUES ('15975348000112', 'PROD013');
INSERT INTO ClinicaProduto (CNPJ, CodProduto) VALUES ('15975348000112', 'PROD014');
INSERT INTO ClinicaProduto (CNPJ, CodProduto) VALUES ('15975348000112', 'PROD015');

INSERT INTO ClinicaProduto (CNPJ, CodProduto) VALUES ('15975348000112', 'PROD027');
INSERT INTO ClinicaProduto (CNPJ, CodProduto) VALUES ('15975348000112', 'PROD028'); 
INSERT INTO ClinicaProduto (CNPJ, CodProduto) VALUES ('15975348000112', 'PROD029');
INSERT INTO ClinicaProduto (CNPJ, CodProduto) VALUES ('15975348000112', 'PROD030'); 


--Empregados - 10 Registros

-- Empregados Chefes
INSERT INTO Empregado (CodEmpregado, Nome, Telefone, Email, Especialidade, CEP, Rua, Numero, Cidade, Estado, CodChefe, CNPJ)
VALUES ('EMP001', 'Dr. João Silva', '(11) 91234-5678', 'joao.silva@petfeliz.com.br', 'Gerente', '01234-000', 'Rua A', 101, 'São Paulo', 'SP', NULL, '12345678000195');

INSERT INTO Empregado (CodEmpregado, Nome, Telefone, Email, Especialidade, CEP, Rua, Numero, Cidade, Estado, CodChefe, CNPJ)
VALUES ('EMP002', 'Dra. Maria Oliveira', '(21) 92345-6789', 'maria.oliveira@cuidapet.com.br', 'Gerente', '02345-000', 'Rua B', 202, 'Rio de Janeiro', 'RJ', NULL, '98765432000108');

INSERT INTO Empregado (CodEmpregado, Nome, Telefone, Email, Especialidade, CEP, Rua, Numero, Cidade, Estado, CodChefe, CNPJ)
VALUES ('EMP003', 'Dr. Carlos Souza', '(31) 93456-7890', 'carlos.souza@caesegatos.com.br', 'Gerente', '03456-000', 'Rua C', 303, 'Belo Horizonte', 'MG', NULL, '15975348000112');

-- Empregados Não Chefes
INSERT INTO Empregado (CodEmpregado, Nome, Telefone, Email, Especialidade, CEP, Rua, Numero, Cidade, Estado, CodChefe, CNPJ)
VALUES ('EMP004', 'Fernando Lima', '(11) 91234-1111', 'fernando.lima@petfeliz.com.br', 'Atendente', '01234-000', 'Rua A', 102, 'São Paulo', 'SP', 'EMP001', '12345678000195');

INSERT INTO Empregado (CodEmpregado, Nome, Telefone, Email, Especialidade, CEP, Rua, Numero, Cidade, Estado, CodChefe, CNPJ)
VALUES ('EMP005', 'Ana Paula Costa', '(11) 91234-2222', 'ana.costa@petfeliz.com.br', 'Técnico de Cuidados com o Pet', '01234-000', 'Rua A', 103, 'São Paulo', 'SP', 'EMP001', '12345678000195');

INSERT INTO Empregado (CodEmpregado, Nome, Telefone, Email, Especialidade, CEP, Rua, Numero, Cidade, Estado, CodChefe, CNPJ)
VALUES ('EMP006', 'Marcio Almeida', '(21) 92345-1111', 'marcio.almeida@cuidapet.com.br', 'Médico Veterinário', '02345-000', 'Rua B', 203, 'Rio de Janeiro', 'RJ', 'EMP002', '12345678000195');

INSERT INTO Empregado (CodEmpregado, Nome, Telefone, Email, Especialidade, CEP, Rua, Numero, Cidade, Estado, CodChefe, CNPJ)
VALUES ('EMP007', 'Patrícia Ribeiro', '(21) 92345-2222', 'patricia.ribeiro@cuidapet.com.br', 'Técnico Administrativo', '02345-000', 'Rua B', 204, 'Rio de Janeiro', 'RJ', 'EMP002', '98765432000108');

INSERT INTO Empregado (CodEmpregado, Nome, Telefone, Email, Especialidade, CEP, Rua, Numero, Cidade, Estado, CodChefe, CNPJ)
VALUES ('EMP008', 'Ricardo Santos', '(31) 93456-1111', 'ricardo.santos@caesegatos.com.br', 'Atendente', '03456-000', 'Rua C', 304, 'Belo Horizonte', 'MG', 'EMP003', '98765432000108');

INSERT INTO Empregado (CodEmpregado, Nome, Telefone, Email, Especialidade, CEP, Rua, Numero, Cidade, Estado, CodChefe, CNPJ)
VALUES ('EMP009', 'Juliana Ferreira', '(31) 93456-2222', 'juliana.ferreira@caesegatos.com.br', 'Médico Veterinário', '03456-000', 'Rua C', 305, 'Belo Horizonte', 'MG', 'EMP003', '15975348000112');

INSERT INTO Empregado (CodEmpregado, Nome, Telefone, Email, Especialidade, CEP, Rua, Numero, Cidade, Estado, CodChefe, CNPJ)
VALUES ('EMP010', 'Felipe Martins', '(31) 93456-3333', 'felipe.martins@caesegatos.com.br', 'Técnico de Cuidados com o Pet', '03456-000', 'Rua C', 306, 'Belo Horizonte', 'MG', 'EMP003', '15975348000112');

-- AgendamentoConsulta - 20 Registros
INSERT INTO AgendamentoConsulta (CodAgendamentoConsulta, DataHora, Tratamento, QtdProdutoUtilizado, CodAnimal, CNPJ, CodEmpregado)
VALUES 
('AG001', TO_DATE('2024-10-01', 'YYYY-MM-DD'), 'Consulta Veterinária', 2, 'ANM001', '12345678000195', 'EMP005');

INSERT INTO AgendamentoConsulta (CodAgendamentoConsulta, DataHora, Tratamento, QtdProdutoUtilizado, CodAnimal, CNPJ, CodEmpregado)
VALUES 
('AG002', TO_DATE('2024-10-02', 'YYYY-MM-DD'), 'Vacinação', 1, 'ANM002', '12345678000195', 'EMP005');

INSERT INTO AgendamentoConsulta (CodAgendamentoConsulta, DataHora, Tratamento, QtdProdutoUtilizado, CodAnimal, CNPJ, CodEmpregado)
VALUES 
('AG003', TO_DATE('2024-10-03', 'YYYY-MM-DD'), 'Exame de Sangue', 3, 'ANM003', '12345678000195', 'EMP005');

INSERT INTO AgendamentoConsulta (CodAgendamentoConsulta, DataHora, Tratamento, QtdProdutoUtilizado, CodAnimal, CNPJ, CodEmpregado)
VALUES 
('AG004', TO_DATE('2024-10-04', 'YYYY-MM-DD'), 'Consulta de Rotina', 2, 'ANM001', '12345678000195', 'EMP005');

INSERT INTO AgendamentoConsulta (CodAgendamentoConsulta, DataHora, Tratamento, QtdProdutoUtilizado, CodAnimal, CNPJ, CodEmpregado)
VALUES 
('AG005', TO_DATE('2024-10-05', 'YYYY-MM-DD'), 'Tratamento Dental', 1, 'ANM002', '12345678000195', 'EMP005');

INSERT INTO AgendamentoConsulta (CodAgendamentoConsulta, DataHora, Tratamento, QtdProdutoUtilizado, CodAnimal, CNPJ, CodEmpregado)
VALUES 
('AG006', TO_DATE('2024-10-06', 'YYYY-MM-DD'), 'Consulta Especializada', 4, 'ANM004', '12345678000195', 'EMP006');

INSERT INTO AgendamentoConsulta (CodAgendamentoConsulta, DataHora, Tratamento, QtdProdutoUtilizado, CodAnimal, CNPJ, CodEmpregado)
VALUES 
('AG007', TO_DATE('2024-10-07', 'YYYY-MM-DD'), 'Vacinação Antirrábica', 1, 'ANM005', '12345678000195', 'EMP006');

INSERT INTO AgendamentoConsulta (CodAgendamentoConsulta, DataHora, Tratamento, QtdProdutoUtilizado, CodAnimal, CNPJ, CodEmpregado)
VALUES 
('AG008', TO_DATE('2024-10-08', 'YYYY-MM-DD'), 'Consulta de Emergência', 2, 'ANM006', '12345678000195', 'EMP006');

INSERT INTO AgendamentoConsulta (CodAgendamentoConsulta, DataHora, Tratamento, QtdProdutoUtilizado, CodAnimal, CNPJ, CodEmpregado)
VALUES 
('AG009', TO_DATE('2024-10-09', 'YYYY-MM-DD'), 'Exame de Fezes', 3, 'ANM007', '12345678000195', 'EMP006');

INSERT INTO AgendamentoConsulta (CodAgendamentoConsulta, DataHora, Tratamento, QtdProdutoUtilizado, CodAnimal, CNPJ, CodEmpregado)
VALUES 
('AG010', TO_DATE('2024-10-10', 'YYYY-MM-DD'), 'Exame de Urina', 2, 'ANM008', '12345678000195', 'EMP006');

INSERT INTO AgendamentoConsulta (CodAgendamentoConsulta, DataHora, Tratamento, QtdProdutoUtilizado, CodAnimal, CNPJ, CodEmpregado)
VALUES 
('AG011', TO_DATE('2024-10-11', 'YYYY-MM-DD'), 'Retorno de Consulta', 1, 'ANM009', '98765432000108', 'EMP009');

INSERT INTO AgendamentoConsulta (CodAgendamentoConsulta, DataHora, Tratamento, QtdProdutoUtilizado, CodAnimal, CNPJ, CodEmpregado)
VALUES 
('AG012', TO_DATE('2024-10-12', 'YYYY-MM-DD'), 'Consulta com Especialista', 3, 'ANM010', '98765432000108', 'EMP009');

INSERT INTO AgendamentoConsulta (CodAgendamentoConsulta, DataHora, Tratamento, QtdProdutoUtilizado, CodAnimal, CNPJ, CodEmpregado)
VALUES 
('AG013', TO_DATE('2024-10-13', 'YYYY-MM-DD'), 'Exame Cardiovascular', 2, 'ANM011', '98765432000108', 'EMP009');

INSERT INTO AgendamentoConsulta (CodAgendamentoConsulta, DataHora, Tratamento, QtdProdutoUtilizado, CodAnimal, CNPJ, CodEmpregado)
VALUES 
('AG014', TO_DATE('2024-10-14', 'YYYY-MM-DD'), 'Consulta de Prevenção', 2, 'ANM012', '98765432000108', 'EMP009');

INSERT INTO AgendamentoConsulta (CodAgendamentoConsulta, DataHora, Tratamento, QtdProdutoUtilizado, CodAnimal, CNPJ, CodEmpregado)
VALUES 
('AG015', TO_DATE('2024-10-15', 'YYYY-MM-DD'), 'Vacinação de Gato', 1, 'ANM013', '98765432000108', 'EMP009');

INSERT INTO AgendamentoConsulta (CodAgendamentoConsulta, DataHora, Tratamento, QtdProdutoUtilizado, CodAnimal, CNPJ, CodEmpregado)
VALUES 
('AG016', TO_DATE('2024-10-16', 'YYYY-MM-DD'), 'Consulta de Checkup', 2, 'ANM014', '15975348000112', 'EMP009');

INSERT INTO AgendamentoConsulta (CodAgendamentoConsulta, DataHora, Tratamento, QtdProdutoUtilizado, CodAnimal, CNPJ, CodEmpregado)
VALUES 
('AG017', TO_DATE('2024-10-17', 'YYYY-MM-DD'), 'Tratamento para Pulgas', 2, 'ANM015', '15975348000112', 'EMP009');

INSERT INTO AgendamentoConsulta (CodAgendamentoConsulta, DataHora, Tratamento, QtdProdutoUtilizado, CodAnimal, CNPJ, CodEmpregado)
VALUES 
('AG018', TO_DATE('2024-10-18', 'YYYY-MM-DD'), 'Consulta de Acompanhamento', 1, 'ANM016', '15975348000112', 'EMP009');

INSERT INTO AgendamentoConsulta (CodAgendamentoConsulta, DataHora, Tratamento, QtdProdutoUtilizado, CodAnimal, CNPJ, CodEmpregado)
VALUES 
('AG019', TO_DATE('2024-10-19', 'YYYY-MM-DD'), 'Exame Preventivo', 3, 'ANM017', '15975348000112', 'EMP009');

INSERT INTO AgendamentoConsulta (CodAgendamentoConsulta, DataHora, Tratamento, QtdProdutoUtilizado, CodAnimal, CNPJ, CodEmpregado)
VALUES 
('AG020', TO_DATE('2024-10-20', 'YYYY-MM-DD'), 'Consulta de Doença Crônica', 4, 'ANM018', '15975348000112', 'EMP009');


-- AgendamentoProduto - 20 Registros

INSERT INTO AgendamentoProduto (CodAgendamentoConsulta, CodProduto) VALUES ('AG001', 'PROD010');
INSERT INTO AgendamentoProduto (CodAgendamentoConsulta, CodProduto) VALUES ('AG002', 'PROD011');
INSERT INTO AgendamentoProduto (CodAgendamentoConsulta, CodProduto) VALUES ('AG003', 'PROD012');
INSERT INTO AgendamentoProduto (CodAgendamentoConsulta, CodProduto) VALUES ('AG004', 'PROD013');
INSERT INTO AgendamentoProduto (CodAgendamentoConsulta, CodProduto) VALUES ('AG005', 'PROD014');
INSERT INTO AgendamentoProduto (CodAgendamentoConsulta, CodProduto) VALUES ('AG006', 'PROD015');
INSERT INTO AgendamentoProduto (CodAgendamentoConsulta, CodProduto) VALUES ('AG007', 'PROD016');
INSERT INTO AgendamentoProduto (CodAgendamentoConsulta, CodProduto) VALUES ('AG008', 'PROD017');
INSERT INTO AgendamentoProduto (CodAgendamentoConsulta, CodProduto) VALUES ('AG009', 'PROD018');
INSERT INTO AgendamentoProduto (CodAgendamentoConsulta, CodProduto) VALUES ('AG010', 'PROD019');
INSERT INTO AgendamentoProduto (CodAgendamentoConsulta, CodProduto) VALUES ('AG011', 'PROD020');
INSERT INTO AgendamentoProduto (CodAgendamentoConsulta, CodProduto) VALUES ('AG012', 'PROD021');
INSERT INTO AgendamentoProduto (CodAgendamentoConsulta, CodProduto) VALUES ('AG013', 'PROD022');
INSERT INTO AgendamentoProduto (CodAgendamentoConsulta, CodProduto) VALUES ('AG014', 'PROD023');
INSERT INTO AgendamentoProduto (CodAgendamentoConsulta, CodProduto) VALUES ('AG015', 'PROD024');
INSERT INTO AgendamentoProduto (CodAgendamentoConsulta, CodProduto) VALUES ('AG016', 'PROD025');
INSERT INTO AgendamentoProduto (CodAgendamentoConsulta, CodProduto) VALUES ('AG017', 'PROD026');
INSERT INTO AgendamentoProduto (CodAgendamentoConsulta, CodProduto) VALUES ('AG018', 'PROD027');
INSERT INTO AgendamentoProduto (CodAgendamentoConsulta, CodProduto) VALUES ('AG019', 'PROD028');
INSERT INTO AgendamentoProduto (CodAgendamentoConsulta, CodProduto) VALUES ('AG020', 'PROD029');